{"test_loss":0.05249120235443115,"_timestamp":1.7640326307823331e+09,"_step":1775,"_wandb":{"runtime":130},"_runtime":130.334171}